{"cameraMode":{"drawMode":0,"name":"Shaded","section":"Shading Mode"},"sceneLighting":true,"audioPlay":false,"sceneViewState":{"showFog":true,"showMaterialUpdate":false,"showSkybox":true,"showFlares":true,"showImageEffects":true,"showParticleSystems":true},"in2DMode":false,"pivot":{"x":-8.248611450195313,"y":-17.09406852722168,"z":2.3922526836395265},"rotation":{"x":-0.4078059196472168,"y":0.26309844851493838,"z":-0.12397235631942749,"w":-0.8655441403388977},"size":12.436583518981934,"orthographic":false}